"","pop","t0_mean","t1_mean","t2_mean","t3_mean","t0_median","t1_median","t2_median","t3_median"
"1","PW",0.108537668365295,0.112656461502648,0.121834195973608,0.108422619402409,0.0853659,0.0892857,0.0972222,0.0853659
"2","SS",NA,0.112741653330835,0.102667578786988,0.112500026642077,NA,0.0892857,0.078125,0.0888889
"3","TB",0.101270002386739,0.0922925770333035,0.0897867075066249,0.0907445102664178,0.059322,0.05,0.0454545,0.0490196
