"","pop","nLoci_AltMaj_t0","nLoci_AltMaj_t1","nLoci_AltMaj_t2","nLoci_AltMaj_t3","percentAltMaj_t0","percentAltMaj_t1","percentAltMaj_t2","percentAltMaj_t3"
"1","PW",1798,1910,2123,1777,0.880712015008352,0.935572830181286,1.03990634475124,0.870425612163426
"2","SS",NA,1993,1862,1969,NA,0.976228612854085,0.912061052250028,0.964472723888456
"3","TB",3543,3101,3181,3029,1.73546310855094,1.51895882010061,1.55814511665271,1.48369115320372
